<?xml version="1.0" encoding="UTF-8" standalone="yes"?>
<list  version="9.0.0" minorVersion="11" exportUser="ADMIN" exportDateTime="09/18/2017 12:11 PM" description="null"><adhocReport><name>User Reports\Users and Groups</name><servProvCode>BC1</servProvCode><createDate>2016-05-02T09:41:31-07:00</createDate><customDataModel><reportName>User Reports\Users and Groups</reportName><servProvCode>BC1</servProvCode><recDate>2016-05-02T09:41:31-07:00</recDate><recFulNam>ADMIN</recFulNam><recStatus>A</recStatus><reportCustomData>{"allowNulls":false,"availableTables":[{"name":"V_ADDRESS","des":"Address view","select":false,"template":"","selectedTemplatesNum":0,"allowTemplates":true},{"name":"V_AGENCY_INFO","des":"Agency Info","select":false,"template":"","selectedTemplatesNum":0,"allowTemplates":false},{"name":"V_AGENCY_PROFILE","des":"Agency Profile","select":false,"template":"","selectedTemplatesNum":0,"allowTemplates":false},{"name":"V_ASSET","des":"Asset view","select":false,"template":"","selectedTemplatesNum":0,"allowTemplates":true},{"name":"V_CASHIER_SESSION","des":"Cashier Session view","select":false,"template":"","selectedTemplatesNum":0,"allowTemplates":false},{"name":"V_CFG_WORKFLOW","des":"Cfg Workflow view","select":false,"template":"","selectedTemplatesNum":0,"allowTemplates":false},{"name":"V_COMMENT_RECORD","des":"Comment Record view","select":false,"template":"","selectedTemplatesNum":0,"allowTemplates":false},{"name":"V_CONDITION_RECORD","des":"Condition Record view","select":false,"template":"","selectedTemplatesNum":0,"allowTemplates":true},{"name":"V_CONTACT","des":"Contact view","select":false,"template":"","selectedTemplatesNum":0,"allowTemplates":true},{"name":"V_CONTACT_ADDRESS","des":"Contact Address view","select":false,"template":"","selectedTemplatesNum":0,"allowTemplates":false},{"name":"V_FEE","des":"Fee view","select":false,"template":"","selectedTemplatesNum":0,"allowTemplates":false},{"name":"V_FEE_PAYMENT_HISTORY","des":"Fee Payment History view","select":false,"template":"","selectedTemplatesNum":0,"allowTemplates":false},{"name":"V_GUIDESHEET","des":"Guidesheet view","select":false,"template":"","selectedTemplatesNum":0,"allowTemplates":true},{"name":"V_HEARING","des":"Hearing view","select":false,"template":"","selectedTemplatesNum":0,"allowTemplates":false},{"name":"V_INSPECTION","des":"Inspection view","select":false,"template":"","selectedTemplatesNum":0,"allowTemplates":false},{"name":"V_INSPECTION_1ST_LAST","des":"Inspection 1st last view","select":false,"template":"","selectedTemplatesNum":0,"allowTemplates":false},{"name":"V_OWNER","des":"Owner view","select":false,"template":"","selectedTemplatesNum":0,"allowTemplates":true},{"name":"V_PARCEL","des":"Parcel view","select":false,"template":"","selectedTemplatesNum":0,"allowTemplates":true},{"name":"V_PAYMENT","des":"Payment view","select":false,"template":"","selectedTemplatesNum":0,"allowTemplates":false},{"name":"V_PROFESSIONAL","des":"Professional view","select":false,"template":"","selectedTemplatesNum":0,"allowTemplates":true},{"name":"V_RECORD","des":"Record view","select":false,"template":"","selectedTemplatesNum":0,"allowTemplates":true},{"name":"V_RECORD_DATES_STAFF","des":"Record Dates Staff view","select":false,"template":"","selectedTemplatesNum":0,"allowTemplates":true},{"name":"V_RECORD_EXPIRATION","des":"Record Expiration View","select":false,"template":"","selectedTemplatesNum":0,"allowTemplates":false},{"name":"V_RECORD_LICENSE","des":"Record License view","select":false,"template":"","selectedTemplatesNum":0,"allowTemplates":true},{"name":"V_REF_CONTACT","des":"Ref Contact view","select":false,"template":"","selectedTemplatesNum":0,"allowTemplates":true},{"name":"V_REF_PROFESSIONAL","des":"Ref Professional view","select":false,"template":"","selectedTemplatesNum":0,"allowTemplates":true},{"name":"V_RELATED_RECORD","des":"Related Record view","select":false,"template":"","selectedTemplatesNum":0,"allowTemplates":false},{"name":"V_SET","des":"Set view","select":false,"template":"","selectedTemplatesNum":0,"allowTemplates":false},{"name":"V_STANDARD_CHOICE","des":"Standard Choice view","select":false,"template":"","selectedTemplatesNum":0,"allowTemplates":false},{"name":"V_STANDARD_CONDITION","des":"Standard Condition view","select":false,"template":"","selectedTemplatesNum":0,"allowTemplates":true},{"name":"V_STATUS_HISTORY","des":"Status History view","select":false,"template":"","selectedTemplatesNum":0,"allowTemplates":false},{"name":"V_TIME_ACCOUNTING","des":"Time Accounting view","select":false,"template":"","selectedTemplatesNum":0,"allowTemplates":false},{"name":"V_TRUST_ACCT","des":"Trust Acct view","select":false,"template":"","selectedTemplatesNum":0,"allowTemplates":false},{"name":"V_TRUST_ACCT_ASSOCIATED","des":"Trust Acct Associated view","select":false,"template":"","selectedTemplatesNum":0,"allowTemplates":false},{"name":"V_TRUST_ACCT_TRANSACTION","des":"Trust Acct Transaction view","select":false,"template":"","selectedTemplatesNum":0,"allowTemplates":false},{"name":"V_USER","des":"User view","select":true,"template":"","selectedTemplatesNum":0,"allowTemplates":false},{"name":"V_USER_GROUP_FID","des":"User Group Fid view","select":false,"template":"","selectedTemplatesNum":0,"allowTemplates":false},{"name":"V_USER_N_GROUP","des":"User N Group view","select":true,"template":"","selectedTemplatesNum":0,"allowTemplates":false},{"name":"V_WORKFLOW","des":"WorkFlow view","select":false,"template":"","selectedTemplatesNum":0,"allowTemplates":true},{"name":"V_WORKFLOW_HISTORY","des":"WorkFlow History view","select":false,"template":"","selectedTemplatesNum":0,"allowTemplates":false}],"distinct":true,"name":null,"relations":[{"left":"V_USER","middle":"=","right":"...","leftColumn":"","rightColumn":"","joinType":"","canDelete":false},{"left":"V_USER_N_GROUP","middle":"=","right":"V_USER","leftColumn":"USER_ID","rightColumn":"USER_ID","joinType":"Inner (Direct)","canDelete":true}],"schema":"ACCELA","selectedTables":[{"name":"V_USER","des":"User view","select":true,"template":"","selectedTemplatesNum":0,"allowTemplates":false},{"name":"V_USER_N_GROUP","des":"User N Group view","select":true,"template":"","selectedTemplatesNum":0,"allowTemplates":false}],"tSelectedTemplates":[],"selectedTemplates":{},"selectedViewAndTables":[{"name":"V_USER","des":"User view","select":true,"template":"","selectedTemplatesNum":0,"allowTemplates":false},{"name":"V_USER_N_GROUP","des":"User N Group view","select":true,"template":"","selectedTemplatesNum":0,"allowTemplates":false}]}</reportCustomData></customDataModel><modifiedDate>2016-07-20T07:07:52-07:00</modifiedDate><pageStatusModels><pageStatus><importSubItemDisableFlag>false</importSubItemDisableFlag><modelProperty>class</modelProperty><propertyName>reportName</propertyName><selectFlag>true</selectFlag><skipFlag>false</skipFlag></pageStatus></pageStatusModels><xml>&lt;ReportSet OwnerTenantID="BC1" Version="6" ID="b21cff25-bf38-410c-a07d-3d7ed1611dac" DateModified="7/20/2016 7:07:52 AM" Title="Users and User Groups" ShowReportParameters="True" Description="All Users in All User Groups" Header="Users" PageHeader="User Groups" CustomCss="" ReportSetType="ReportDesigner" ReadOnly="False" ViewOnly="False" InsertZeroValues="False" LandscapePrinting="False" FieldValueColumnPairs="2" ItemsPerPage="10000" AddBookmarkForVisualGroup="False" PageBreakAfterVisualGroups="False" Footer="Users and User Groups " HeaderJustification="L" FooterJustification="M" TitleJustification="M" DescriptionJustification="M" HeaderImageJustification="M" CsvOnly="False" ShowVisualGroupLabels="False" Database="" UsePaginationInWebView="True" Distinct="False" ShowPageNumber="True" ShowDateTime="True" MinimizeGridWidth="True" VisualGroupStyle="CommaDelimited" CheckBoxDataSources="False" Schedule="0001-01-01 00:00:00" ScheduleTimeZome="-1" Recipients="" RepeatType="None" SendEmailAs="" UserName="ADMIN" Visibility="OnlyMe" Designer="AdHocReportDesigner" DrillDownKey="" ColumnsCount="2" FilterValue="None" MinDate="7/21/2016 7:06:27 AM" MaxDate="7/19/2016 7:06:27 AM"&gt;&#xD;
	&lt;ReportVisibility&gt;&#xD;
		&lt;Property SharedWith="Everyone" Rights="Full Access" /&gt;&#xD;
	&lt;/ReportVisibility&gt;&#xD;
	&lt;JoinedTables UseAutoConditions="False" AllowNulls="False"&gt;&#xD;
		&lt;JoinedTable Name="[ACCELA].[V_USER]" Alias="" RightAlias="" JoinType="INNER" LeftConditionColumn="" RightConditionTable="" RightConditionColumn="" /&gt;&#xD;
		&lt;JoinedTable Name="[ACCELA].[V_USER_N_GROUP]" Alias="" RightAlias="" JoinType="INNER" LeftConditionColumn="[ACCELA].[V_USER_N_GROUP].[USER_ID]" RightConditionTable="[ACCELA].[V_USER]" RightConditionColumn="[ACCELA].[V_USER].[USER_ID]" /&gt;&#xD;
	&lt;/JoinedTables&gt;&#xD;
	&lt;Criterias FilterLogicValue=""&gt;&#xD;
		&lt;Criteria Column="[ACCELA].[V_USER_N_GROUP].[USER_GROUP]" Not="True" FieldFilter="False" Operator="Like" OrIsBlank="False" Description="" AliasTable="" Parameter="True" Value="PublicUser" /&gt;&#xD;
	&lt;/Criterias&gt;&#xD;
	&lt;Report Title="" Code="" Name="Chart"&gt;&#xD;
		&lt;Options Top="-2147483648" Distinct="False" StoreResults="False" SelectVisibleColumns="True" ChartTypeName="Bar" AddGrandTotals="False" AddPivotTotals="False" TotalsFunction="None" Invert="False" FieldValue="False" AddDeltas="False" LinesPerItem="1" ColumnsLimit="-1" ReportType="Chart" DashboardScroll="True" VisualGroupStyle="CommaDelimited" /&gt;&#xD;
		&lt;Position X="0" Y="0" ColSpan="1" RowSpan="1" DbDsgn2Height="0" /&gt;&#xD;
		&lt;Selections&gt;&#xD;
			&lt;Selection ColumnName="[ACCELA].[V_USER_N_GROUP].[USER_GROUP]" ColumnSql="" Description="Label" Definition="" FormatString="{0}" GroupBy="False" OrderType="NONE" WidthSettedManually="False" Width="" Visible="True" Gradient="False" InsertZeroValues="False" AggregateFunction="GROUP" Justification="NotSet" LabelJustification="Center" Master="False" GaugeValuesInCurrencyFormat="False" Operator="None" AliasTable="" ShouldBeFormatted="True" TargetReport="" GaugeTargetReport="" GaugeTargetEffect="" Url="example:Page.aspx?id={0}&amp;amp;value={1}" SubtotalTitle="" ValueString="" SubtotalFunction="DEFAULT" SubtotalExpression="" IsItalic="False" IsBold="False" Coefficient="" ColumnGroup="" /&gt;&#xD;
			&lt;Selection ColumnName="[ACCELA].[V_USER_N_GROUP].[USER_GROUP]" ColumnSql="" Description="Value" Definition="" FormatString="{0}" GroupBy="False" OrderType="DESC" WidthSettedManually="False" Width="" Visible="True" Gradient="False" InsertZeroValues="False" AggregateFunction="COUNT" Justification="NotSet" LabelJustification="Center" Master="False" GaugeValuesInCurrencyFormat="False" Operator="None" AliasTable="" ShouldBeFormatted="False" TargetReport="" GaugeTargetReport="" GaugeTargetEffect="" Url="example:Page.aspx?id={0}&amp;amp;value={1}" SubtotalTitle="" ValueString="" SubtotalFunction="DEFAULT" SubtotalExpression="" IsItalic="False" IsBold="False" Coefficient="" ColumnGroup="" /&gt;&#xD;
		&lt;/Selections&gt;&#xD;
		&lt;ChartProperties&gt;&#xD;
			&lt;Property Name="CombineBottom" Value="0" /&gt;&#xD;
			&lt;Property Name="CountInRow" Value="True" /&gt;&#xD;
			&lt;Property Name="Effect" Value="Popup" /&gt;&#xD;
			&lt;Property Name="HiddenEffectField" Value="" /&gt;&#xD;
			&lt;Property Name="Horizontal" Value="False" /&gt;&#xD;
			&lt;Property Name="LabelTitle" Value="" /&gt;&#xD;
			&lt;Property Name="Pareto" Value="False" /&gt;&#xD;
			&lt;Property Name="RightValueTitle" Value="" /&gt;&#xD;
			&lt;Property Name="Scale" Value="" /&gt;&#xD;
			&lt;Property Name="ShadeAreaUnderLine" Value="False" /&gt;&#xD;
			&lt;Property Name="ShowLegend" Value="False" /&gt;&#xD;
			&lt;Property Name="Stacked" Value="False" /&gt;&#xD;
			&lt;Property Name="TargetReport" Value="" /&gt;&#xD;
			&lt;Property Name="ThirdMode" Value="True" /&gt;&#xD;
			&lt;Property Name="ValueTitle" Value="" /&gt;&#xD;
		&lt;/ChartProperties&gt;&#xD;
	&lt;/Report&gt;&#xD;
	&lt;Report Title="" Code="" Name="Detail"&gt;&#xD;
		&lt;Options Top="100" Distinct="False" StoreResults="False" SelectVisibleColumns="True" ChartTypeName="" AddGrandTotals="False" AddPivotTotals="False" TotalsFunction="None" Invert="False" FieldValue="False" AddDeltas="False" LinesPerItem="1" ColumnsLimit="-1" ReportType="Detail" DashboardScroll="True" VisualGroupStyle="CommaDelimited" /&gt;&#xD;
		&lt;Position X="0" Y="3" ColSpan="1" RowSpan="1" DbDsgn2Height="0" /&gt;&#xD;
		&lt;Selections&gt;&#xD;
			&lt;Selection ColumnName="[ACCELA].[V_USER].[NAME_FIRST]" ColumnSql="" Description="FIRST NAME " Definition="" FormatString="{0}" GroupBy="False" OrderType="NONE" WidthSettedManually="True" Width="" Visible="True" Gradient="False" InsertZeroValues="False" AggregateFunction="None" Justification="NotSet" LabelJustification="Center" Master="False" GaugeValuesInCurrencyFormat="False" Operator="None" AliasTable="" ShouldBeFormatted="True" TargetReport="" GaugeTargetReport="" GaugeTargetEffect="" Url="example:Page.aspx?id={0}&amp;amp;value={1}" SubtotalTitle="" ValueString="" SubtotalFunction="DEFAULT" SubtotalExpression="" IsItalic="False" IsBold="False" Highlight="example: 5 to 6:Blue;7 to 10:Red" Coefficient="" ValueRanges="example: 0 to 10:Under 10;10 to 100:10-100;100 to 10000:100+" ColumnGroup="" /&gt;&#xD;
			&lt;Selection ColumnName="[ACCELA].[V_USER].[NAME_LAST]" ColumnSql="" Description="LAST NAME " Definition="" FormatString="{0}" GroupBy="False" OrderType="ASC" WidthSettedManually="True" Width="" Visible="True" Gradient="False" InsertZeroValues="False" AggregateFunction="None" Justification="NotSet" LabelJustification="Center" Master="True" GaugeValuesInCurrencyFormat="False" Operator="None" AliasTable="" ShouldBeFormatted="True" TargetReport="" GaugeTargetReport="" GaugeTargetEffect="" Url="example:Page.aspx?id={0}&amp;amp;value={1}" SubtotalTitle="" ValueString="" SubtotalFunction="DEFAULT" SubtotalExpression="" IsItalic="False" IsBold="False" Highlight="example: 5 to 6:Blue;7 to 10:Red" Coefficient="" ValueRanges="example: 0 to 10:Under 10;10 to 100:10-100;100 to 10000:100+" ColumnGroup="" /&gt;&#xD;
			&lt;Selection ColumnName="[ACCELA].[V_USER].[DEPARTMENT]" ColumnSql="" Description="DEPARTMENT" Definition="" FormatString="{0}" GroupBy="False" OrderType="NONE" WidthSettedManually="True" Width="" Visible="True" Gradient="False" InsertZeroValues="False" AggregateFunction="None" Justification="NotSet" LabelJustification="Center" Master="False" GaugeValuesInCurrencyFormat="False" Operator="None" AliasTable="" ShouldBeFormatted="True" TargetReport="" GaugeTargetReport="" GaugeTargetEffect="" Url="example:Page.aspx?id={0}&amp;amp;value={1}" SubtotalTitle="" ValueString="" SubtotalFunction="DEFAULT" SubtotalExpression="" IsItalic="False" IsBold="False" Highlight="example: 5 to 6:Blue;7 to 10:Red" Coefficient="" ValueRanges="example: 0 to 10:Under 10;10 to 100:10-100;100 to 10000:100+" ColumnGroup="" /&gt;&#xD;
			&lt;Selection ColumnName="[ACCELA].[V_USER].[INSPECTOR_STATUS]" ColumnSql="" Description="INSPECTOR STATUS" Definition="" FormatString="{0}" GroupBy="False" OrderType="NONE" WidthSettedManually="True" Width="" Visible="True" Gradient="False" InsertZeroValues="False" AggregateFunction="None" Justification="NotSet" LabelJustification="Center" Master="False" GaugeValuesInCurrencyFormat="False" Operator="None" AliasTable="" ShouldBeFormatted="True" TargetReport="" GaugeTargetReport="" GaugeTargetEffect="" Url="example:Page.aspx?id={0}&amp;amp;value={1}" SubtotalTitle="" ValueString="" SubtotalFunction="DEFAULT" SubtotalExpression="" IsItalic="False" IsBold="False" Highlight="example: 5 to 6:Blue;7 to 10:Red" Coefficient="" ValueRanges="example: 0 to 10:Under 10;10 to 100:10-100;100 to 10000:100+" ColumnGroup="" /&gt;&#xD;
			&lt;Selection ColumnName="[ACCELA].[V_USER_N_GROUP].[USER_GROUP]" ColumnSql="" Description="USER GROUP" Definition="" FormatString="{0}" GroupBy="False" OrderType="ASC" WidthSettedManually="True" Width="" Visible="True" Gradient="False" InsertZeroValues="False" AggregateFunction="None" Justification="NotSet" LabelJustification="Center" Master="False" GaugeValuesInCurrencyFormat="False" Operator="None" AliasTable="" ShouldBeFormatted="True" TargetReport="" GaugeTargetReport="" GaugeTargetEffect="" Url="example:Page.aspx?id={0}&amp;amp;value={1}" SubtotalTitle="" ValueString="" SubtotalFunction="DEFAULT" SubtotalExpression="" IsItalic="False" IsBold="False" Highlight="example: 5 to 6:Blue;7 to 10:Red" Coefficient="" ValueRanges="example: 0 to 10:Under 10;10 to 100:10-100;100 to 10000:100+" ColumnGroup="" /&gt;&#xD;
		&lt;/Selections&gt;&#xD;
	&lt;/Report&gt;&#xD;
&lt;/ReportSet&gt;</xml></adhocReport>
</list>