<?xml version="1.0" encoding="UTF-8" standalone="yes"?>
<list  version="8.0.0" minorVersion="22" exportUser="ADMIN" exportDateTime="09/28/2017 08:55 AM" description="null"><departMentType><serviceProviderCode>LASAN</serviceProviderCode><agencyCode>939</agencyCode><bureauCode>NA</bureauCode><divisionCode>NA</divisionCode><groupCode>NA</groupCode><officeCode>NA</officeCode><sectionCode>NA</sectionCode><subgroupCode>NA</subgroupCode><auditModel><auditDate>2017-04-23T10:40:10.343-07:00</auditDate><auditID>ADMIN</auditID><auditStatus>A</auditStatus></auditModel><bureauModel><serviceProviderCode>LASAN</serviceProviderCode><agencyCode>939</agencyCode><bureauCode>NA</bureauCode><auditModel><auditDate>2016-10-27T12:18:57.767-07:00</auditDate><auditID>LCHARRON</auditID><auditStatus>A</auditStatus></auditModel><bureauDescription>NA</bureauDescription><bureauI18Ns/></bureauModel><departMentTypeKey>LASAN/939/NA/NA/NA/NA/NA</departMentTypeKey><departMentTypeName>Waste Hauler Group</departMentTypeName><divisionModel><serviceProviderCode>LASAN</serviceProviderCode><agencyCode>939</agencyCode><divisionCode>NA</divisionCode><auditModel><auditDate>2016-10-27T12:19:09.590-07:00</auditDate><auditID>LCHARRON</auditID><auditStatus>A</auditStatus></auditModel><divisionDescription>NA</divisionDescription><divisnI18Ns/></divisionModel><dpttyI18Ns/><groupModel><serviceProviderCode>LASAN</serviceProviderCode><agencyCode>939</agencyCode><groupCode>NA</groupCode><auditModel><auditDate>2016-10-27T12:19:37.040-07:00</auditDate><auditID>LCHARRON</auditID><auditStatus>A</auditStatus></auditModel><groupDescription>NA</groupDescription><wgroupI18Ns/></groupModel><officeModel><serviceProviderCode>LASAN</serviceProviderCode><agencyCode>939</agencyCode><officeCode>NA</officeCode><auditModel><auditDate>2016-10-27T12:19:54.367-07:00</auditDate><auditID>LCHARRON</auditID><auditStatus>A</auditStatus></auditModel><officeI18Ns/><officeLocation>NA</officeLocation></officeModel><sectionModel><serviceProviderCode>LASAN</serviceProviderCode><agencyCode>939</agencyCode><sectionCode>NA</sectionCode><auditModel><auditDate>2016-10-27T12:19:26.667-07:00</auditDate><auditID>LCHARRON</auditID><auditStatus>A</auditStatus></auditModel><sectionDescription>NA</sectionDescription><wsectinI18Ns/></sectionModel><subGroupDescription>AB939 Permitting</subGroupDescription></departMentType>
<departMentType><serviceProviderCode>LASAN</serviceProviderCode><agencyCode>939</agencyCode><bureauCode>NA</bureauCode><divisionCode>NA</divisionCode><groupCode>NA</groupCode><officeCode>ADMIN</officeCode><sectionCode>NA</sectionCode><subgroupCode>NA</subgroupCode><auditModel><auditDate>2017-04-23T15:17:48.983-07:00</auditDate><auditID>ADMIN</auditID><auditStatus>A</auditStatus></auditModel><bureauModel><serviceProviderCode>LASAN</serviceProviderCode><agencyCode>939</agencyCode><bureauCode>NA</bureauCode><auditModel><auditDate>2016-10-27T12:18:57.767-07:00</auditDate><auditID>LCHARRON</auditID><auditStatus>A</auditStatus></auditModel><bureauDescription>NA</bureauDescription><bureauI18Ns/></bureauModel><departMentTypeKey>LASAN/939/NA/NA/NA/NA/ADMIN</departMentTypeKey><departMentTypeName>Waste Hauler Group - Admin</departMentTypeName><divisionModel><serviceProviderCode>LASAN</serviceProviderCode><agencyCode>939</agencyCode><divisionCode>NA</divisionCode><auditModel><auditDate>2016-10-27T12:19:09.590-07:00</auditDate><auditID>LCHARRON</auditID><auditStatus>A</auditStatus></auditModel><divisionDescription>NA</divisionDescription><divisnI18Ns/></divisionModel><dpttyI18Ns/><groupModel><serviceProviderCode>LASAN</serviceProviderCode><agencyCode>939</agencyCode><groupCode>NA</groupCode><auditModel><auditDate>2016-10-27T12:19:37.040-07:00</auditDate><auditID>LCHARRON</auditID><auditStatus>A</auditStatus></auditModel><groupDescription>NA</groupDescription><wgroupI18Ns/></groupModel><officeModel><serviceProviderCode>LASAN</serviceProviderCode><agencyCode>939</agencyCode><officeCode>ADMIN</officeCode><auditModel><auditDate>2017-04-23T10:42:29.023-07:00</auditDate><auditID>ADMIN</auditID><auditStatus>A</auditStatus></auditModel><officeI18Ns/><officeLocation>Administration</officeLocation></officeModel><sectionModel><serviceProviderCode>LASAN</serviceProviderCode><agencyCode>939</agencyCode><sectionCode>NA</sectionCode><auditModel><auditDate>2016-10-27T12:19:26.667-07:00</auditDate><auditID>LCHARRON</auditID><auditStatus>A</auditStatus></auditModel><sectionDescription>NA</sectionDescription><wsectinI18Ns/></sectionModel><subGroupDescription>939 Adminstration</subGroupDescription></departMentType>
<departMentType><serviceProviderCode>LASAN</serviceProviderCode><agencyCode>FIN</agencyCode><bureauCode>NA</bureauCode><divisionCode>NA</divisionCode><groupCode>NA</groupCode><officeCode>NA</officeCode><sectionCode>NA</sectionCode><subgroupCode>NA</subgroupCode><auditModel><auditDate>2017-04-23T10:40:24.293-07:00</auditDate><auditID>ADMIN</auditID><auditStatus>A</auditStatus></auditModel><bureauModel><serviceProviderCode>LASAN</serviceProviderCode><agencyCode>FIN</agencyCode><bureauCode>NA</bureauCode><auditModel><auditDate>2016-11-30T17:53:21.813-08:00</auditDate><auditID>LCHARRON</auditID><auditStatus>A</auditStatus></auditModel><bureauDescription>NA</bureauDescription><bureauI18Ns/></bureauModel><departMentTypeKey>LASAN/FIN/NA/NA/NA/NA/NA</departMentTypeKey><departMentTypeName>FMD Audit</departMentTypeName><divisionModel><serviceProviderCode>LASAN</serviceProviderCode><agencyCode>FIN</agencyCode><divisionCode>NA</divisionCode><auditModel><auditDate>2016-11-30T17:53:28.523-08:00</auditDate><auditID>LCHARRON</auditID><auditStatus>A</auditStatus></auditModel><divisionDescription>NA</divisionDescription><divisnI18Ns/></divisionModel><dpttyI18Ns/><groupModel><serviceProviderCode>LASAN</serviceProviderCode><agencyCode>FIN</agencyCode><groupCode>NA</groupCode><auditModel><auditDate>2016-11-30T17:53:50.580-08:00</auditDate><auditID>LCHARRON</auditID><auditStatus>A</auditStatus></auditModel><groupDescription>NA</groupDescription><wgroupI18Ns/></groupModel><officeModel><serviceProviderCode>LASAN</serviceProviderCode><agencyCode>FIN</agencyCode><officeCode>NA</officeCode><auditModel><auditDate>2016-11-30T17:53:57.090-08:00</auditDate><auditID>LCHARRON</auditID><auditStatus>A</auditStatus></auditModel><officeI18Ns/><officeLocation>NA</officeLocation></officeModel><sectionModel><serviceProviderCode>LASAN</serviceProviderCode><agencyCode>FIN</agencyCode><sectionCode>NA</sectionCode><auditModel><auditDate>2016-11-30T17:53:44.600-08:00</auditDate><auditID>LCHARRON</auditID><auditStatus>A</auditStatus></auditModel><sectionDescription>NA</sectionDescription><wsectinI18Ns/></sectionModel><subGroupDescription>Finance and Audit</subGroupDescription></departMentType>
<departMentType><serviceProviderCode>LASAN</serviceProviderCode><agencyCode>NA</agencyCode><bureauCode>NA</bureauCode><divisionCode>NA</divisionCode><groupCode>NA</groupCode><officeCode>NA</officeCode><sectionCode>NA</sectionCode><subgroupCode>NA</subgroupCode><auditModel><auditDate>2016-04-22T12:35:47.687-07:00</auditDate><auditID>ADMIN</auditID><auditStatus>A</auditStatus></auditModel><bureauModel><serviceProviderCode>LASAN</serviceProviderCode><agencyCode>NA</agencyCode><bureauCode>NA</bureauCode><auditModel><auditDate>2016-04-22T12:34:33.013-07:00</auditDate><auditID>ADMIN</auditID><auditStatus>A</auditStatus></auditModel><bureauDescription>NA</bureauDescription><bureauI18Ns/></bureauModel><departMentTypeKey>LASAN/NA/NA/NA/NA/NA/NA</departMentTypeKey><departMentTypeName>Accela</departMentTypeName><divisionModel><serviceProviderCode>LASAN</serviceProviderCode><agencyCode>NA</agencyCode><divisionCode>NA</divisionCode><auditModel><auditDate>2016-04-22T12:34:49.860-07:00</auditDate><auditID>ADMIN</auditID><auditStatus>A</auditStatus></auditModel><divisionDescription>NA</divisionDescription><divisnI18Ns/></divisionModel><dpttyI18Ns/><groupModel><serviceProviderCode>LASAN</serviceProviderCode><agencyCode>NA</agencyCode><groupCode>NA</groupCode><auditModel><auditDate>2016-04-22T12:35:13.567-07:00</auditDate><auditID>ADMIN</auditID><auditStatus>A</auditStatus></auditModel><groupDescription>NA</groupDescription><wgroupI18Ns/></groupModel><officeModel><serviceProviderCode>LASAN</serviceProviderCode><agencyCode>NA</agencyCode><officeCode>NA</officeCode><auditModel><auditDate>2016-04-22T12:35:33.820-07:00</auditDate><auditID>ADMIN</auditID><auditStatus>A</auditStatus></auditModel><officeI18Ns/><officeLocation>NA</officeLocation></officeModel><sectionModel><serviceProviderCode>LASAN</serviceProviderCode><agencyCode>NA</agencyCode><sectionCode>NA</sectionCode><auditModel><auditDate>2016-04-22T12:35:00.267-07:00</auditDate><auditID>ADMIN</auditID><auditStatus>A</auditStatus></auditModel><sectionDescription>NA</sectionDescription><wsectinI18Ns/></sectionModel><subGroupDescription></subGroupDescription></departMentType>
<departMentType><serviceProviderCode>LASAN</serviceProviderCode><agencyCode>DIV</agencyCode><bureauCode>NA</bureauCode><divisionCode>NA</divisionCode><groupCode>NA</groupCode><officeCode>NA</officeCode><sectionCode>NA</sectionCode><subgroupCode>NA</subgroupCode><auditModel><auditDate>2016-11-30T17:51:12.303-08:00</auditDate><auditID>LCHARRON</auditID><auditStatus>A</auditStatus></auditModel><bureauModel><serviceProviderCode>LASAN</serviceProviderCode><agencyCode>DIV</agencyCode><bureauCode>NA</bureauCode><auditModel><auditDate>2016-11-30T17:50:19.037-08:00</auditDate><auditID>LCHARRON</auditID><auditStatus>A</auditStatus></auditModel><bureauDescription>NA</bureauDescription><bureauI18Ns/></bureauModel><departMentTypeKey>LASAN/DIV/NA/NA/NA/NA/NA</departMentTypeKey><departMentTypeName>Diversion</departMentTypeName><divisionModel><serviceProviderCode>LASAN</serviceProviderCode><agencyCode>DIV</agencyCode><divisionCode>NA</divisionCode><auditModel><auditDate>2016-11-30T17:50:34.767-08:00</auditDate><auditID>LCHARRON</auditID><auditStatus>A</auditStatus></auditModel><divisionDescription>NA</divisionDescription><divisnI18Ns/></divisionModel><dpttyI18Ns/><groupModel><serviceProviderCode>LASAN</serviceProviderCode><agencyCode>DIV</agencyCode><groupCode>NA</groupCode><auditModel><auditDate>2016-11-30T17:50:51.900-08:00</auditDate><auditID>LCHARRON</auditID><auditStatus>A</auditStatus></auditModel><groupDescription>NA</groupDescription><wgroupI18Ns/></groupModel><officeModel><serviceProviderCode>LASAN</serviceProviderCode><agencyCode>DIV</agencyCode><officeCode>NA</officeCode><auditModel><auditDate>2016-11-30T17:50:59.380-08:00</auditDate><auditID>LCHARRON</auditID><auditStatus>A</auditStatus></auditModel><officeI18Ns/><officeLocation>NA</officeLocation></officeModel><sectionModel><serviceProviderCode>LASAN</serviceProviderCode><agencyCode>DIV</agencyCode><sectionCode>NA</sectionCode><auditModel><auditDate>2016-11-30T17:50:45.127-08:00</auditDate><auditID>LCHARRON</auditID><auditStatus>A</auditStatus></auditModel><sectionDescription>NA</sectionDescription><wsectinI18Ns/></sectionModel><subGroupDescription>Diversion</subGroupDescription></departMentType>
<departMentType><serviceProviderCode>LASAN</serviceProviderCode><agencyCode>FAC</agencyCode><bureauCode>CERTIFY</bureauCode><divisionCode>NA</divisionCode><groupCode>NA</groupCode><officeCode>NA</officeCode><sectionCode>NA</sectionCode><subgroupCode>NA</subgroupCode><auditModel><auditDate>2016-11-30T17:52:32.653-08:00</auditDate><auditID>LCHARRON</auditID><auditStatus>A</auditStatus></auditModel><bureauModel><serviceProviderCode>LASAN</serviceProviderCode><agencyCode>FAC</agencyCode><bureauCode>CERTIFY</bureauCode><auditModel><auditDate>2016-11-30T17:52:11.750-08:00</auditDate><auditID>LCHARRON</auditID><auditStatus>A</auditStatus></auditModel><bureauDescription>Certification</bureauDescription><bureauI18Ns/></bureauModel><departMentTypeKey>LASAN/FAC/CERTIFY/NA/NA/NA/NA</departMentTypeKey><departMentTypeName>Facility Certification</departMentTypeName><divisionModel><serviceProviderCode>LASAN</serviceProviderCode><agencyCode>FAC</agencyCode><divisionCode>NA</divisionCode><auditModel><auditDate>2016-11-30T17:44:44.020-08:00</auditDate><auditID>LCHARRON</auditID><auditStatus>A</auditStatus></auditModel><divisionDescription>NA</divisionDescription><divisnI18Ns/></divisionModel><dpttyI18Ns/><groupModel><serviceProviderCode>LASAN</serviceProviderCode><agencyCode>FAC</agencyCode><groupCode>NA</groupCode><auditModel><auditDate>2016-11-30T17:46:57.933-08:00</auditDate><auditID>LCHARRON</auditID><auditStatus>A</auditStatus></auditModel><groupDescription>NA</groupDescription><wgroupI18Ns/></groupModel><officeModel><serviceProviderCode>LASAN</serviceProviderCode><agencyCode>FAC</agencyCode><officeCode>NA</officeCode><auditModel><auditDate>2016-11-30T17:47:08.230-08:00</auditDate><auditID>LCHARRON</auditID><auditStatus>A</auditStatus></auditModel><officeI18Ns/><officeLocation>NA</officeLocation></officeModel><sectionModel><serviceProviderCode>LASAN</serviceProviderCode><agencyCode>FAC</agencyCode><sectionCode>NA</sectionCode><auditModel><auditDate>2016-11-30T17:46:03.827-08:00</auditDate><auditID>LCHARRON</auditID><auditStatus>A</auditStatus></auditModel><sectionDescription>NA</sectionDescription><wsectinI18Ns/></sectionModel><subGroupDescription>Facility Certification</subGroupDescription></departMentType>
<departMentType><serviceProviderCode>LASAN</serviceProviderCode><agencyCode>FAC</agencyCode><bureauCode>INSPECT</bureauCode><divisionCode>NA</divisionCode><groupCode>NA</groupCode><officeCode>NA</officeCode><sectionCode>NA</sectionCode><subgroupCode>NA</subgroupCode><auditModel><auditDate>2016-11-30T17:47:30.550-08:00</auditDate><auditID>LCHARRON</auditID><auditStatus>A</auditStatus></auditModel><bureauModel><serviceProviderCode>LASAN</serviceProviderCode><agencyCode>FAC</agencyCode><bureauCode>INSPECT</bureauCode><auditModel><auditDate>2016-11-30T17:46:36.070-08:00</auditDate><auditID>LCHARRON</auditID><auditStatus>A</auditStatus></auditModel><bureauDescription>Inspections</bureauDescription><bureauI18Ns/></bureauModel><departMentTypeKey>LASAN/FAC/INSPECT/NA/NA/NA/NA</departMentTypeKey><departMentTypeName>Facility Inspections</departMentTypeName><divisionModel><serviceProviderCode>LASAN</serviceProviderCode><agencyCode>FAC</agencyCode><divisionCode>NA</divisionCode><auditModel><auditDate>2016-11-30T17:44:44.020-08:00</auditDate><auditID>LCHARRON</auditID><auditStatus>A</auditStatus></auditModel><divisionDescription>NA</divisionDescription><divisnI18Ns/></divisionModel><dpttyI18Ns/><groupModel><serviceProviderCode>LASAN</serviceProviderCode><agencyCode>FAC</agencyCode><groupCode>NA</groupCode><auditModel><auditDate>2016-11-30T17:46:57.933-08:00</auditDate><auditID>LCHARRON</auditID><auditStatus>A</auditStatus></auditModel><groupDescription>NA</groupDescription><wgroupI18Ns/></groupModel><officeModel><serviceProviderCode>LASAN</serviceProviderCode><agencyCode>FAC</agencyCode><officeCode>NA</officeCode><auditModel><auditDate>2016-11-30T17:47:08.230-08:00</auditDate><auditID>LCHARRON</auditID><auditStatus>A</auditStatus></auditModel><officeI18Ns/><officeLocation>NA</officeLocation></officeModel><sectionModel><serviceProviderCode>LASAN</serviceProviderCode><agencyCode>FAC</agencyCode><sectionCode>NA</sectionCode><auditModel><auditDate>2016-11-30T17:46:03.827-08:00</auditDate><auditID>LCHARRON</auditID><auditStatus>A</auditStatus></auditModel><sectionDescription>NA</sectionDescription><wsectinI18Ns/></sectionModel><subGroupDescription>Facility Inspections</subGroupDescription></departMentType>
<departMentType><serviceProviderCode>LASAN</serviceProviderCode><agencyCode>MGMT</agencyCode><bureauCode>NA</bureauCode><divisionCode>NA</divisionCode><groupCode>NA</groupCode><officeCode>NA</officeCode><sectionCode>NA</sectionCode><subgroupCode>NA</subgroupCode><auditModel><auditDate>2016-11-30T18:02:40.303-08:00</auditDate><auditID>LCHARRON</auditID><auditStatus>A</auditStatus></auditModel><bureauModel><serviceProviderCode>LASAN</serviceProviderCode><agencyCode>MGMT</agencyCode><bureauCode>NA</bureauCode><auditModel><auditDate>2016-11-30T18:00:53.400-08:00</auditDate><auditID>LCHARRON</auditID><auditStatus>A</auditStatus></auditModel><bureauDescription>NA</bureauDescription><bureauI18Ns/></bureauModel><departMentTypeKey>LASAN/MGMT/NA/NA/NA/NA/NA</departMentTypeKey><departMentTypeName>Sanitation Management</departMentTypeName><divisionModel><serviceProviderCode>LASAN</serviceProviderCode><agencyCode>MGMT</agencyCode><divisionCode>NA</divisionCode><auditModel><auditDate>2016-11-30T18:00:59.390-08:00</auditDate><auditID>LCHARRON</auditID><auditStatus>A</auditStatus></auditModel><divisionDescription>NA</divisionDescription><divisnI18Ns/></divisionModel><dpttyI18Ns/><groupModel><serviceProviderCode>LASAN</serviceProviderCode><agencyCode>MGMT</agencyCode><groupCode>NA</groupCode><auditModel><auditDate>2016-11-30T18:01:11.320-08:00</auditDate><auditID>LCHARRON</auditID><auditStatus>A</auditStatus></auditModel><groupDescription>NA</groupDescription><wgroupI18Ns/></groupModel><officeModel><serviceProviderCode>LASAN</serviceProviderCode><agencyCode>MGMT</agencyCode><officeCode>NA</officeCode><auditModel><auditDate>2016-11-30T18:01:17.627-08:00</auditDate><auditID>LCHARRON</auditID><auditStatus>A</auditStatus></auditModel><officeI18Ns/><officeLocation>NA</officeLocation></officeModel><sectionModel><serviceProviderCode>LASAN</serviceProviderCode><agencyCode>MGMT</agencyCode><sectionCode>NA</sectionCode><auditModel><auditDate>2016-11-30T18:01:05.097-08:00</auditDate><auditID>LCHARRON</auditID><auditStatus>A</auditStatus></auditModel><sectionDescription>NA</sectionDescription><wsectinI18Ns/></sectionModel><subGroupDescription>Sanitation Management</subGroupDescription></departMentType>
<departMentType><serviceProviderCode>LASAN</serviceProviderCode><agencyCode>FRA</agencyCode><bureauCode>CONTRACT</bureauCode><divisionCode>NA</divisionCode><groupCode>NA</groupCode><officeCode>NA</officeCode><sectionCode>NA</sectionCode><subgroupCode>NA</subgroupCode><auditModel><auditDate>2016-11-30T18:58:20.033-08:00</auditDate><auditID>LCHARRON</auditID><auditStatus>A</auditStatus></auditModel><bureauModel><serviceProviderCode>LASAN</serviceProviderCode><agencyCode>FRA</agencyCode><bureauCode>CONTRACT</bureauCode><auditModel><auditDate>2016-11-30T17:48:22.823-08:00</auditDate><auditID>LCHARRON</auditID><auditStatus>A</auditStatus></auditModel><bureauDescription>Contract Management</bureauDescription><bureauI18Ns/></bureauModel><departMentTypeKey>LASAN/FRA/CONTRACT/NA/NA/NA/NA</departMentTypeKey><departMentTypeName>Franchise Contract Management</departMentTypeName><divisionModel><serviceProviderCode>LASAN</serviceProviderCode><agencyCode>FRA</agencyCode><divisionCode>NA</divisionCode><auditModel><auditDate>2016-11-30T17:48:36.933-08:00</auditDate><auditID>LCHARRON</auditID><auditStatus>A</auditStatus></auditModel><divisionDescription>NA</divisionDescription><divisnI18Ns/></divisionModel><dpttyI18Ns/><groupModel><serviceProviderCode>LASAN</serviceProviderCode><agencyCode>FRA</agencyCode><groupCode>NA</groupCode><auditModel><auditDate>2016-11-30T17:48:58.127-08:00</auditDate><auditID>LCHARRON</auditID><auditStatus>A</auditStatus></auditModel><groupDescription>NA</groupDescription><wgroupI18Ns/></groupModel><officeModel><serviceProviderCode>LASAN</serviceProviderCode><agencyCode>FRA</agencyCode><officeCode>NA</officeCode><auditModel><auditDate>2016-11-30T17:49:04.453-08:00</auditDate><auditID>LCHARRON</auditID><auditStatus>A</auditStatus></auditModel><officeI18Ns/><officeLocation>NA</officeLocation></officeModel><sectionModel><serviceProviderCode>LASAN</serviceProviderCode><agencyCode>FRA</agencyCode><sectionCode>NA</sectionCode><auditModel><auditDate>2016-11-30T17:48:43.423-08:00</auditDate><auditID>LCHARRON</auditID><auditStatus>A</auditStatus></auditModel><sectionDescription>NA</sectionDescription><wsectinI18Ns/></sectionModel><subGroupDescription>Franchise Contract Management</subGroupDescription></departMentType>
<departMentType><serviceProviderCode>LASAN</serviceProviderCode><agencyCode>FRA</agencyCode><bureauCode>INSPECT</bureauCode><divisionCode>NA</divisionCode><groupCode>NA</groupCode><officeCode>NA</officeCode><sectionCode>NA</sectionCode><subgroupCode>NA</subgroupCode><auditModel><auditDate>2016-11-30T17:49:26.610-08:00</auditDate><auditID>LCHARRON</auditID><auditStatus>A</auditStatus></auditModel><bureauModel><serviceProviderCode>LASAN</serviceProviderCode><agencyCode>FRA</agencyCode><bureauCode>INSPECT</bureauCode><auditModel><auditDate>2016-11-30T17:48:05.197-08:00</auditDate><auditID>LCHARRON</auditID><auditStatus>A</auditStatus></auditModel><bureauDescription>NA</bureauDescription><bureauI18Ns/></bureauModel><departMentTypeKey>LASAN/FRA/INSPECT/NA/NA/NA/NA</departMentTypeKey><departMentTypeName>Franchise Inspections</departMentTypeName><divisionModel><serviceProviderCode>LASAN</serviceProviderCode><agencyCode>FRA</agencyCode><divisionCode>NA</divisionCode><auditModel><auditDate>2016-11-30T17:48:36.933-08:00</auditDate><auditID>LCHARRON</auditID><auditStatus>A</auditStatus></auditModel><divisionDescription>NA</divisionDescription><divisnI18Ns/></divisionModel><dpttyI18Ns/><groupModel><serviceProviderCode>LASAN</serviceProviderCode><agencyCode>FRA</agencyCode><groupCode>NA</groupCode><auditModel><auditDate>2016-11-30T17:48:58.127-08:00</auditDate><auditID>LCHARRON</auditID><auditStatus>A</auditStatus></auditModel><groupDescription>NA</groupDescription><wgroupI18Ns/></groupModel><officeModel><serviceProviderCode>LASAN</serviceProviderCode><agencyCode>FRA</agencyCode><officeCode>NA</officeCode><auditModel><auditDate>2016-11-30T17:49:04.453-08:00</auditDate><auditID>LCHARRON</auditID><auditStatus>A</auditStatus></auditModel><officeI18Ns/><officeLocation>NA</officeLocation></officeModel><sectionModel><serviceProviderCode>LASAN</serviceProviderCode><agencyCode>FRA</agencyCode><sectionCode>NA</sectionCode><auditModel><auditDate>2016-11-30T17:48:43.423-08:00</auditDate><auditID>LCHARRON</auditID><auditStatus>A</auditStatus></auditModel><sectionDescription>NA</sectionDescription><wsectinI18Ns/></sectionModel><subGroupDescription>Franchise Inspections</subGroupDescription></departMentType>
</list>