<?xml version="1.0" encoding="UTF-8" standalone="yes"?>
<list  version="8.0.0" minorVersion="22" exportUser="ADMIN" exportDateTime="09/28/2017 08:55 AM" description="null"><organizationagency refId="1@OrganizationAgencyModel"><serviceProviderCode>LASAN</serviceProviderCode><agencyCode>939</agencyCode><agencyI18NModels/><agencyName>AB 939 Permitting</agencyName><auditModel><auditDate>2016-10-27T12:14:56.087-07:00</auditDate><auditID>LCHARRON</auditID><auditStatus>A</auditStatus></auditModel></organizationagency>
<organizationagency refId="1@OrganizationAgencyModel"><serviceProviderCode>LASAN</serviceProviderCode><agencyCode>FIN</agencyCode><agencyI18NModels/><agencyName>Finance</agencyName><auditModel><auditDate>2016-10-27T12:18:32.523-07:00</auditDate><auditID>LCHARRON</auditID><auditStatus>A</auditStatus></auditModel></organizationagency>
<organizationagency refId="1@OrganizationAgencyModel"><serviceProviderCode>LASAN</serviceProviderCode><agencyCode>NA</agencyCode><agencyI18NModels/><agencyName>NA</agencyName><auditModel><auditDate>2016-04-22T12:34:22.170-07:00</auditDate><auditID>ADMIN</auditID><auditStatus>A</auditStatus></auditModel></organizationagency>
<organizationagency refId="1@OrganizationAgencyModel"><serviceProviderCode>LASAN</serviceProviderCode><agencyCode>DIV</agencyCode><agencyI18NModels/><agencyName>Diversion</agencyName><auditModel><auditDate>2016-10-27T12:15:34.683-07:00</auditDate><auditID>LCHARRON</auditID><auditStatus>A</auditStatus></auditModel></organizationagency>
<organizationagency refId="1@OrganizationAgencyModel"><serviceProviderCode>LASAN</serviceProviderCode><agencyCode>FAC</agencyCode><agencyI18NModels/><agencyName>Franchise Facility</agencyName><auditModel><auditDate>2016-10-27T12:18:20.130-07:00</auditDate><auditID>LCHARRON</auditID><auditStatus>A</auditStatus></auditModel></organizationagency>
<organizationagency refId="1@OrganizationAgencyModel"><serviceProviderCode>LASAN</serviceProviderCode><agencyCode>MGMT</agencyCode><agencyI18NModels/><agencyName>Management</agencyName><auditModel><auditDate>2016-11-30T18:00:28.903-08:00</auditDate><auditID>LCHARRON</auditID><auditStatus>A</auditStatus></auditModel></organizationagency>
<organizationagency refId="1@OrganizationAgencyModel"><serviceProviderCode>LASAN</serviceProviderCode><agencyCode>FRA</agencyCode><agencyI18NModels/><agencyName>Franchise</agencyName><auditModel><auditDate>2016-10-27T12:15:46.677-07:00</auditDate><auditID>LCHARRON</auditID><auditStatus>A</auditStatus></auditModel></organizationagency>
</list>